GEOID,Asian,Black or African American,Hispanic or Latino,Other Racial / Ethnic Minority
06001400100,FALSE,FALSE,FALSE,TRUE
06001400200,FALSE,FALSE,FALSE,TRUE
06001400300,FALSE,TRUE,FALSE,TRUE
06001400400,FALSE,TRUE,FALSE,TRUE
06001400500,FALSE,TRUE,FALSE,TRUE
06001400600,FALSE,TRUE,FALSE,TRUE
06001400700,FALSE,TRUE,FALSE,TRUE
06001400800,FALSE,TRUE,FALSE,TRUE
06001400900,FALSE,TRUE,FALSE,TRUE
06001401000,FALSE,TRUE,FALSE,TRUE
06001401100,FALSE,TRUE,FALSE,TRUE
06001401200,FALSE,TRUE,FALSE,TRUE
06001401300,FALSE,TRUE,FALSE,TRUE
06001401400,FALSE,TRUE,TRUE,TRUE
06001401500,FALSE,TRUE,FALSE,TRUE
06001401600,FALSE,TRUE,FALSE,TRUE
06001401700,FALSE,TRUE,TRUE,TRUE
06001401800,FALSE,TRUE,FALSE,TRUE
06001402200,FALSE,TRUE,FALSE,TRUE
06001402400,FALSE,TRUE,FALSE,TRUE
06001402500,FALSE,TRUE,FALSE,TRUE
06001402600,TRUE,TRUE,FALSE,TRUE
06001402700,FALSE,TRUE,FALSE,TRUE
06001402800,FALSE,TRUE,FALSE,TRUE
06001402900,TRUE,TRUE,FALSE,TRUE
06001403000,TRUE,FALSE,FALSE,TRUE
06001403100,TRUE,TRUE,FALSE,TRUE
06001403300,TRUE,TRUE,FALSE,TRUE
06001403400,TRUE,TRUE,FALSE,TRUE
06001403501,FALSE,TRUE,FALSE,TRUE
06001403502,FALSE,TRUE,FALSE,TRUE
06001403600,FALSE,TRUE,FALSE,TRUE
06001403701,FALSE,TRUE,FALSE,TRUE
06001403702,FALSE,TRUE,FALSE,TRUE
06001403800,FALSE,TRUE,FALSE,TRUE
06001403900,FALSE,TRUE,FALSE,TRUE
06001404000,FALSE,TRUE,FALSE,TRUE
06001404101,FALSE,FALSE,FALSE,TRUE
06001404102,FALSE,TRUE,FALSE,TRUE
06001404200,FALSE,TRUE,FALSE,TRUE
06001404300,FALSE,FALSE,FALSE,TRUE
06001404400,FALSE,FALSE,FALSE,TRUE
06001404501,FALSE,FALSE,FALSE,TRUE
06001404502,FALSE,FALSE,FALSE,TRUE
06001404600,FALSE,FALSE,FALSE,TRUE
06001404700,FALSE,FALSE,FALSE,TRUE
06001404800,FALSE,TRUE,FALSE,TRUE
06001404900,FALSE,TRUE,FALSE,TRUE
06001405000,FALSE,TRUE,FALSE,TRUE
06001405100,FALSE,TRUE,FALSE,TRUE
06001405200,TRUE,TRUE,FALSE,TRUE
06001405301,FALSE,TRUE,FALSE,TRUE
06001405302,TRUE,TRUE,FALSE,TRUE
06001405401,TRUE,TRUE,TRUE,TRUE
06001405402,TRUE,TRUE,FALSE,TRUE
06001405500,TRUE,TRUE,FALSE,TRUE
06001405600,TRUE,TRUE,FALSE,TRUE
06001405700,TRUE,TRUE,TRUE,TRUE
06001405800,TRUE,TRUE,FALSE,TRUE
06001405901,TRUE,TRUE,TRUE,TRUE
06001405902,TRUE,TRUE,TRUE,TRUE
06001406000,TRUE,TRUE,FALSE,TRUE
06001406100,FALSE,TRUE,TRUE,TRUE
06001406201,FALSE,TRUE,TRUE,TRUE
06001406202,FALSE,TRUE,TRUE,TRUE
06001406300,TRUE,TRUE,TRUE,FALSE
06001406400,FALSE,TRUE,FALSE,TRUE
06001406500,FALSE,TRUE,TRUE,TRUE
06001406601,FALSE,TRUE,TRUE,TRUE
06001406602,TRUE,TRUE,TRUE,TRUE
06001406700,FALSE,TRUE,FALSE,TRUE
06001406800,FALSE,TRUE,FALSE,TRUE
06001406900,FALSE,TRUE,FALSE,TRUE
06001407000,TRUE,TRUE,TRUE,TRUE
06001407101,FALSE,TRUE,TRUE,TRUE
06001407102,FALSE,TRUE,TRUE,TRUE
06001407200,FALSE,TRUE,TRUE,TRUE
06001407300,FALSE,TRUE,TRUE,TRUE
06001407400,FALSE,TRUE,TRUE,FALSE
06001407500,FALSE,TRUE,TRUE,TRUE
06001407600,FALSE,TRUE,TRUE,TRUE
06001407700,FALSE,TRUE,FALSE,TRUE
06001407800,FALSE,TRUE,FALSE,TRUE
06001407900,FALSE,TRUE,FALSE,TRUE
06001408000,FALSE,TRUE,FALSE,TRUE
06001408100,FALSE,TRUE,FALSE,TRUE
06001408200,FALSE,TRUE,FALSE,TRUE
06001408300,FALSE,TRUE,FALSE,TRUE
06001408400,FALSE,TRUE,TRUE,TRUE
06001408500,FALSE,TRUE,TRUE,TRUE
06001408600,FALSE,TRUE,TRUE,TRUE
06001408700,FALSE,TRUE,TRUE,FALSE
06001408800,FALSE,TRUE,TRUE,TRUE
06001408900,FALSE,TRUE,TRUE,TRUE
06001409000,FALSE,TRUE,TRUE,TRUE
06001409100,FALSE,TRUE,TRUE,TRUE
06001409200,FALSE,TRUE,TRUE,TRUE
06001409300,FALSE,TRUE,TRUE,FALSE
06001409400,FALSE,TRUE,TRUE,FALSE
06001409500,FALSE,TRUE,TRUE,TRUE
06001409600,FALSE,TRUE,TRUE,TRUE
06001409700,FALSE,TRUE,TRUE,FALSE
06001409800,FALSE,TRUE,FALSE,TRUE
06001409900,FALSE,TRUE,FALSE,TRUE
06001410000,FALSE,TRUE,FALSE,TRUE
06001410100,FALSE,TRUE,FALSE,TRUE
06001410200,FALSE,TRUE,TRUE,TRUE
06001410300,FALSE,TRUE,TRUE,TRUE
06001410400,FALSE,TRUE,TRUE,FALSE
06001410500,FALSE,TRUE,FALSE,TRUE
06001420100,FALSE,FALSE,FALSE,TRUE
06001420200,FALSE,TRUE,FALSE,TRUE
06001420300,TRUE,FALSE,FALSE,TRUE
06001420400,TRUE,FALSE,TRUE,TRUE
06001420500,FALSE,TRUE,FALSE,TRUE
06001420600,FALSE,FALSE,FALSE,TRUE
06001421100,FALSE,FALSE,FALSE,TRUE
06001421200,FALSE,FALSE,FALSE,TRUE
06001421300,FALSE,FALSE,FALSE,TRUE
06001421400,FALSE,FALSE,FALSE,TRUE
06001421500,FALSE,FALSE,FALSE,TRUE
06001421600,FALSE,FALSE,FALSE,TRUE
06001421700,FALSE,FALSE,FALSE,TRUE
06001421800,FALSE,FALSE,FALSE,TRUE
06001421900,FALSE,FALSE,FALSE,TRUE
06001422000,FALSE,TRUE,FALSE,FALSE
06001422100,FALSE,TRUE,FALSE,TRUE
06001422200,FALSE,TRUE,FALSE,TRUE
06001422300,FALSE,FALSE,FALSE,TRUE
06001422400,TRUE,FALSE,FALSE,TRUE
06001422500,TRUE,FALSE,FALSE,TRUE
06001422600,TRUE,FALSE,FALSE,TRUE
06001422700,FALSE,FALSE,FALSE,TRUE
06001422800,TRUE,FALSE,FALSE,TRUE
06001422900,TRUE,TRUE,FALSE,TRUE
06001423000,FALSE,FALSE,FALSE,TRUE
06001423100,FALSE,TRUE,FALSE,TRUE
06001423200,FALSE,TRUE,TRUE,TRUE
06001423300,FALSE,TRUE,FALSE,TRUE
06001423400,FALSE,TRUE,FALSE,TRUE
06001423500,FALSE,TRUE,FALSE,TRUE
06001423601,FALSE,FALSE,FALSE,TRUE
06001423602,TRUE,TRUE,FALSE,TRUE
06001423700,FALSE,FALSE,FALSE,TRUE
06001423901,FALSE,TRUE,FALSE,TRUE
06001423902,FALSE,FALSE,FALSE,TRUE
06001424001,FALSE,TRUE,FALSE,TRUE
06001424002,FALSE,TRUE,FALSE,TRUE
06001425101,TRUE,TRUE,FALSE,TRUE
06001425102,TRUE,TRUE,FALSE,TRUE
06001425103,FALSE,TRUE,FALSE,TRUE
06001425104,FALSE,TRUE,FALSE,TRUE
06001426100,FALSE,FALSE,FALSE,TRUE
06001426200,FALSE,FALSE,FALSE,TRUE
06001427100,FALSE,FALSE,FALSE,TRUE
06001427200,FALSE,FALSE,FALSE,TRUE
06001427300,TRUE,TRUE,FALSE,TRUE
06001427600,TRUE,TRUE,FALSE,TRUE
06001427700,FALSE,TRUE,FALSE,TRUE
06001427800,FALSE,FALSE,FALSE,TRUE
06001427900,TRUE,TRUE,FALSE,TRUE
06001428000,TRUE,TRUE,FALSE,TRUE
06001428100,FALSE,FALSE,FALSE,TRUE
06001428200,FALSE,TRUE,FALSE,TRUE
06001428301,TRUE,FALSE,FALSE,TRUE
06001428302,TRUE,FALSE,FALSE,TRUE
06001428400,TRUE,TRUE,FALSE,TRUE
06001428500,TRUE,FALSE,FALSE,TRUE
06001428600,TRUE,TRUE,FALSE,TRUE
06001428700,TRUE,TRUE,FALSE,TRUE
06001430101,TRUE,FALSE,FALSE,TRUE
06001430102,FALSE,FALSE,FALSE,TRUE
06001430200,FALSE,FALSE,FALSE,TRUE
06001430300,FALSE,TRUE,FALSE,FALSE
06001430400,FALSE,FALSE,FALSE,TRUE
06001430500,FALSE,TRUE,TRUE,TRUE
06001430600,TRUE,TRUE,FALSE,TRUE
06001430700,FALSE,FALSE,FALSE,TRUE
06001430800,FALSE,FALSE,TRUE,TRUE
06001430900,FALSE,TRUE,TRUE,TRUE
06001431000,FALSE,FALSE,TRUE,TRUE
06001431100,FALSE,TRUE,TRUE,TRUE
06001431200,FALSE,TRUE,FALSE,TRUE
06001432100,FALSE,TRUE,FALSE,TRUE
06001432200,FALSE,TRUE,TRUE,TRUE
06001432300,FALSE,TRUE,TRUE,TRUE
06001432400,TRUE,TRUE,TRUE,TRUE
06001432501,TRUE,FALSE,TRUE,TRUE
06001432502,TRUE,TRUE,TRUE,TRUE
06001432600,FALSE,TRUE,TRUE,TRUE
06001432700,FALSE,TRUE,TRUE,TRUE
06001432800,TRUE,TRUE,FALSE,TRUE
06001433000,TRUE,FALSE,TRUE,TRUE
06001433102,TRUE,FALSE,TRUE,TRUE
06001433103,FALSE,TRUE,TRUE,TRUE
06001433104,FALSE,TRUE,TRUE,TRUE
06001433200,TRUE,TRUE,FALSE,TRUE
06001433300,TRUE,TRUE,TRUE,TRUE
06001433400,TRUE,TRUE,FALSE,TRUE
06001433500,TRUE,FALSE,TRUE,TRUE
06001433600,TRUE,TRUE,FALSE,TRUE
06001433700,FALSE,TRUE,TRUE,TRUE
06001433800,TRUE,TRUE,TRUE,FALSE
06001433900,FALSE,TRUE,TRUE,TRUE
06001434000,FALSE,TRUE,TRUE,TRUE
06001435102,FALSE,TRUE,FALSE,TRUE
06001435103,TRUE,TRUE,FALSE,TRUE
06001435104,TRUE,TRUE,TRUE,TRUE
06001435200,FALSE,TRUE,FALSE,TRUE
06001435300,FALSE,TRUE,TRUE,TRUE
06001435400,FALSE,TRUE,TRUE,TRUE
06001435500,FALSE,TRUE,TRUE,TRUE
06001435601,FALSE,TRUE,TRUE,TRUE
06001435602,FALSE,TRUE,TRUE,TRUE
06001435700,FALSE,TRUE,TRUE,FALSE
06001435800,TRUE,FALSE,TRUE,TRUE
06001435900,TRUE,TRUE,TRUE,TRUE
06001436000,FALSE,FALSE,TRUE,TRUE
06001436100,TRUE,TRUE,TRUE,TRUE
06001436200,FALSE,TRUE,TRUE,TRUE
06001436300,TRUE,TRUE,TRUE,TRUE
06001436401,FALSE,TRUE,TRUE,TRUE
06001436402,FALSE,TRUE,TRUE,TRUE
06001436500,FALSE,TRUE,TRUE,TRUE
06001436601,FALSE,TRUE,TRUE,TRUE
06001436602,FALSE,TRUE,TRUE,TRUE
06001436700,TRUE,TRUE,TRUE,TRUE
06001436800,FALSE,TRUE,TRUE,TRUE
06001436900,FALSE,FALSE,TRUE,TRUE
06001437000,FALSE,TRUE,TRUE,TRUE
06001437101,TRUE,FALSE,FALSE,TRUE
06001437102,TRUE,TRUE,TRUE,TRUE
06001437200,TRUE,TRUE,TRUE,TRUE
06001437300,TRUE,TRUE,TRUE,TRUE
06001437400,FALSE,FALSE,TRUE,TRUE
06001437500,FALSE,FALSE,TRUE,TRUE
06001437600,TRUE,TRUE,TRUE,TRUE
06001437701,FALSE,TRUE,TRUE,TRUE
06001437702,FALSE,FALSE,TRUE,TRUE
06001437800,TRUE,TRUE,TRUE,TRUE
06001437900,FALSE,TRUE,TRUE,TRUE
06001438000,TRUE,FALSE,TRUE,FALSE
06001438100,TRUE,TRUE,TRUE,TRUE
06001438201,FALSE,TRUE,TRUE,TRUE
06001438203,TRUE,TRUE,FALSE,TRUE
06001438204,TRUE,TRUE,TRUE,TRUE
06001438300,TRUE,TRUE,TRUE,TRUE
06001438400,TRUE,TRUE,TRUE,TRUE
06001440100,TRUE,FALSE,FALSE,TRUE
06001440200,FALSE,FALSE,TRUE,FALSE
06001440301,TRUE,TRUE,TRUE,TRUE
06001440304,TRUE,FALSE,FALSE,TRUE
06001440305,TRUE,TRUE,FALSE,TRUE
06001440306,TRUE,TRUE,FALSE,TRUE
06001440307,TRUE,FALSE,FALSE,TRUE
06001440308,TRUE,FALSE,TRUE,TRUE
06001440331,TRUE,FALSE,FALSE,TRUE
06001440332,TRUE,FALSE,FALSE,TRUE
06001440333,TRUE,TRUE,FALSE,TRUE
06001440334,TRUE,FALSE,FALSE,TRUE
06001440335,TRUE,FALSE,FALSE,TRUE
06001440336,TRUE,TRUE,FALSE,TRUE
06001441100,TRUE,FALSE,FALSE,TRUE
06001441200,TRUE,FALSE,FALSE,TRUE
06001441301,TRUE,FALSE,FALSE,FALSE
06001441302,TRUE,FALSE,FALSE,TRUE
06001441401,TRUE,FALSE,FALSE,TRUE
06001441402,TRUE,FALSE,FALSE,TRUE
06001441501,TRUE,FALSE,FALSE,TRUE
06001441503,TRUE,FALSE,FALSE,TRUE
06001441521,TRUE,FALSE,FALSE,TRUE
06001441522,TRUE,FALSE,FALSE,TRUE
06001441523,TRUE,FALSE,FALSE,TRUE
06001441524,TRUE,FALSE,FALSE,TRUE
06001441601,TRUE,FALSE,FALSE,TRUE
06001441602,TRUE,FALSE,FALSE,TRUE
06001441700,TRUE,FALSE,FALSE,TRUE
06001441800,TRUE,FALSE,FALSE,TRUE
06001441921,TRUE,TRUE,TRUE,TRUE
06001441923,TRUE,FALSE,FALSE,TRUE
06001441924,TRUE,FALSE,FALSE,TRUE
06001441925,TRUE,FALSE,FALSE,TRUE
06001441926,TRUE,FALSE,TRUE,TRUE
06001441927,TRUE,FALSE,FALSE,TRUE
06001442000,TRUE,FALSE,FALSE,TRUE
06001442100,TRUE,FALSE,FALSE,TRUE
06001442200,TRUE,FALSE,FALSE,TRUE
06001442301,TRUE,TRUE,FALSE,TRUE
06001442302,TRUE,TRUE,FALSE,TRUE
06001442400,TRUE,FALSE,TRUE,TRUE
06001442500,TRUE,FALSE,FALSE,TRUE
06001442601,TRUE,FALSE,FALSE,FALSE
06001442602,TRUE,TRUE,FALSE,TRUE
06001442700,TRUE,FALSE,FALSE,FALSE
06001442800,TRUE,FALSE,FALSE,TRUE
06001442900,TRUE,FALSE,FALSE,TRUE
06001443001,TRUE,FALSE,TRUE,TRUE
06001443002,TRUE,FALSE,FALSE,FALSE
06001443102,TRUE,FALSE,FALSE,TRUE
06001443103,TRUE,FALSE,FALSE,TRUE
06001443104,TRUE,FALSE,FALSE,TRUE
06001443105,TRUE,FALSE,FALSE,TRUE
06001443200,TRUE,FALSE,FALSE,TRUE
06001443301,TRUE,FALSE,FALSE,TRUE
06001443321,TRUE,FALSE,FALSE,TRUE
06001443322,TRUE,FALSE,FALSE,TRUE
06001444100,TRUE,FALSE,TRUE,FALSE
06001444200,TRUE,FALSE,TRUE,TRUE
06001444301,TRUE,FALSE,TRUE,TRUE
06001444302,FALSE,FALSE,TRUE,TRUE
06001444400,FALSE,FALSE,TRUE,TRUE
06001444500,TRUE,TRUE,TRUE,TRUE
06001444601,TRUE,FALSE,TRUE,TRUE
06001444602,TRUE,TRUE,FALSE,TRUE
06001450101,TRUE,TRUE,FALSE,TRUE
06001450102,TRUE,TRUE,FALSE,TRUE
06001450200,TRUE,FALSE,FALSE,TRUE
06001450300,FALSE,FALSE,FALSE,TRUE
06001450400,TRUE,FALSE,FALSE,TRUE
06001450501,FALSE,FALSE,FALSE,TRUE
06001450502,FALSE,FALSE,FALSE,TRUE
06001450601,TRUE,FALSE,FALSE,FALSE
06001450602,TRUE,FALSE,FALSE,TRUE
06001450603,TRUE,FALSE,FALSE,FALSE
06001450605,FALSE,FALSE,FALSE,TRUE
06001450606,FALSE,FALSE,FALSE,TRUE
06001450607,FALSE,FALSE,FALSE,TRUE
06001450701,TRUE,FALSE,FALSE,TRUE
06001450743,TRUE,FALSE,FALSE,TRUE
06001450744,TRUE,FALSE,FALSE,TRUE
06001450745,TRUE,FALSE,FALSE,TRUE
06001450746,FALSE,FALSE,FALSE,TRUE
06001450750,TRUE,TRUE,FALSE,TRUE
06001450751,TRUE,FALSE,FALSE,TRUE
06001450752,TRUE,FALSE,FALSE,TRUE
06001451101,FALSE,FALSE,FALSE,TRUE
06001451102,FALSE,FALSE,FALSE,TRUE
06001451201,FALSE,FALSE,FALSE,TRUE
06001451300,FALSE,FALSE,FALSE,TRUE
06001451401,FALSE,FALSE,FALSE,TRUE
06001451403,FALSE,FALSE,TRUE,TRUE
06001451404,FALSE,FALSE,TRUE,TRUE
06001451503,FALSE,FALSE,FALSE,TRUE
06001451504,FALSE,FALSE,FALSE,TRUE
06001451506,FALSE,FALSE,TRUE,TRUE
06001451601,FALSE,FALSE,FALSE,TRUE
06001451602,FALSE,FALSE,FALSE,TRUE
06001451701,FALSE,FALSE,FALSE,TRUE
06001451703,FALSE,FALSE,FALSE,TRUE
06001451704,FALSE,FALSE,FALSE,TRUE
06001982000,FALSE,FALSE,TRUE,FALSE
06001983200,TRUE,TRUE,FALSE,TRUE
06013301000,FALSE,TRUE,FALSE,TRUE
06013302005,FALSE,FALSE,TRUE,TRUE
06013302006,FALSE,FALSE,TRUE,TRUE
06013302007,FALSE,TRUE,TRUE,TRUE
06013302008,FALSE,TRUE,TRUE,TRUE
06013302009,FALSE,TRUE,TRUE,TRUE
06013302010,FALSE,FALSE,TRUE,TRUE
06013303102,FALSE,TRUE,TRUE,TRUE
06013303103,FALSE,TRUE,TRUE,TRUE
06013303201,FALSE,TRUE,FALSE,TRUE
06013303202,FALSE,TRUE,FALSE,TRUE
06013303203,FALSE,TRUE,FALSE,TRUE
06013303204,FALSE,TRUE,TRUE,TRUE
06013303205,FALSE,FALSE,FALSE,TRUE
06013304001,FALSE,TRUE,FALSE,TRUE
06013304002,FALSE,FALSE,TRUE,TRUE
06013304004,FALSE,FALSE,FALSE,TRUE
06013304005,FALSE,TRUE,FALSE,TRUE
06013305000,FALSE,TRUE,TRUE,TRUE
06013306002,FALSE,TRUE,TRUE,TRUE
06013306003,FALSE,TRUE,TRUE,TRUE
06013306004,FALSE,TRUE,TRUE,TRUE
06013307101,FALSE,TRUE,TRUE,TRUE
06013307102,FALSE,TRUE,TRUE,TRUE
06013307201,FALSE,FALSE,TRUE,TRUE
06013307202,FALSE,TRUE,TRUE,TRUE
06013307204,FALSE,TRUE,TRUE,TRUE
06013307205,FALSE,TRUE,TRUE,TRUE
06013308001,FALSE,FALSE,TRUE,TRUE
06013308002,FALSE,TRUE,FALSE,TRUE
06013309000,FALSE,TRUE,TRUE,TRUE
06013310000,FALSE,TRUE,TRUE,TRUE
06013311000,FALSE,TRUE,TRUE,TRUE
06013312000,FALSE,TRUE,TRUE,TRUE
06013313101,FALSE,TRUE,TRUE,TRUE
06013313102,FALSE,TRUE,TRUE,TRUE
06013313103,TRUE,TRUE,TRUE,TRUE
06013313203,FALSE,FALSE,TRUE,TRUE
06013313204,FALSE,TRUE,TRUE,TRUE
06013313205,TRUE,TRUE,TRUE,TRUE
06013313206,FALSE,TRUE,TRUE,TRUE
06013314102,FALSE,FALSE,TRUE,TRUE
06013314103,FALSE,TRUE,TRUE,TRUE
06013314104,FALSE,TRUE,TRUE,TRUE
06013314200,FALSE,FALSE,TRUE,TRUE
06013315000,FALSE,FALSE,FALSE,TRUE
06013317000,FALSE,FALSE,FALSE,TRUE
06013319000,FALSE,FALSE,FALSE,TRUE
06013320001,FALSE,FALSE,TRUE,TRUE
06013320004,FALSE,FALSE,FALSE,TRUE
06013321101,FALSE,FALSE,FALSE,TRUE
06013321102,FALSE,FALSE,FALSE,TRUE
06013321103,FALSE,FALSE,FALSE,TRUE
06013321200,TRUE,FALSE,FALSE,TRUE
06013322000,FALSE,FALSE,FALSE,TRUE
06013323000,FALSE,FALSE,FALSE,TRUE
06013324001,FALSE,FALSE,FALSE,TRUE
06013324002,FALSE,FALSE,FALSE,TRUE
06013325000,FALSE,FALSE,FALSE,TRUE
06013326000,FALSE,FALSE,FALSE,TRUE
06013327000,FALSE,FALSE,TRUE,TRUE
06013328000,FALSE,FALSE,FALSE,TRUE
06013329000,FALSE,FALSE,TRUE,TRUE
06013330000,FALSE,FALSE,TRUE,TRUE
06013331000,FALSE,TRUE,TRUE,TRUE
06013332000,FALSE,FALSE,TRUE,TRUE
06013333101,FALSE,FALSE,FALSE,TRUE
06013333102,FALSE,FALSE,FALSE,TRUE
06013333200,FALSE,FALSE,FALSE,TRUE
06013334001,FALSE,FALSE,FALSE,TRUE
06013334004,FALSE,TRUE,FALSE,TRUE
06013334006,FALSE,FALSE,FALSE,TRUE
06013334200,FALSE,FALSE,FALSE,TRUE
06013335000,FALSE,FALSE,TRUE,TRUE
06013336101,FALSE,TRUE,TRUE,TRUE
06013336102,FALSE,TRUE,TRUE,FALSE
06013336201,FALSE,FALSE,TRUE,TRUE
06013336202,FALSE,FALSE,TRUE,TRUE
06013337200,FALSE,FALSE,TRUE,TRUE
06013338101,FALSE,TRUE,TRUE,FALSE
06013338102,FALSE,FALSE,FALSE,TRUE
06013338201,FALSE,FALSE,FALSE,TRUE
06013338203,FALSE,FALSE,FALSE,TRUE
06013338204,FALSE,FALSE,FALSE,TRUE
06013338301,FALSE,FALSE,FALSE,TRUE
06013338302,FALSE,FALSE,FALSE,TRUE
06013339002,FALSE,FALSE,FALSE,TRUE
06013340001,FALSE,FALSE,FALSE,TRUE
06013340002,FALSE,FALSE,FALSE,TRUE
06013341000,FALSE,FALSE,FALSE,TRUE
06013343002,FALSE,FALSE,FALSE,TRUE
06013343003,FALSE,FALSE,FALSE,TRUE
06013345101,FALSE,FALSE,FALSE,TRUE
06013345102,FALSE,FALSE,FALSE,TRUE
06013345103,FALSE,FALSE,FALSE,TRUE
06013345105,FALSE,FALSE,FALSE,TRUE
06013345108,TRUE,FALSE,FALSE,TRUE
06013345111,TRUE,FALSE,FALSE,TRUE
06013345112,TRUE,FALSE,FALSE,FALSE
06013345113,FALSE,FALSE,FALSE,TRUE
06013345115,TRUE,FALSE,FALSE,TRUE
06013345116,FALSE,FALSE,FALSE,TRUE
06013345202,FALSE,FALSE,FALSE,TRUE
06013345203,FALSE,FALSE,FALSE,TRUE
06013347000,FALSE,FALSE,FALSE,TRUE
06013348000,FALSE,FALSE,FALSE,TRUE
06013350000,FALSE,FALSE,FALSE,TRUE
06013351101,FALSE,FALSE,FALSE,TRUE
06013351102,FALSE,FALSE,FALSE,TRUE
06013351103,FALSE,FALSE,FALSE,TRUE
06013351200,FALSE,FALSE,FALSE,TRUE
06013352101,FALSE,FALSE,FALSE,TRUE
06013352202,FALSE,FALSE,FALSE,TRUE
06013353001,FALSE,FALSE,FALSE,TRUE
06013354001,FALSE,FALSE,FALSE,TRUE
06013354002,FALSE,FALSE,FALSE,TRUE
06013355107,FALSE,TRUE,TRUE,TRUE
06013355108,FALSE,TRUE,FALSE,TRUE
06013355109,FALSE,TRUE,FALSE,TRUE
06013355110,FALSE,TRUE,TRUE,TRUE
06013355111,FALSE,TRUE,TRUE,TRUE
06013355112,FALSE,FALSE,FALSE,TRUE
06013355113,TRUE,FALSE,FALSE,FALSE
06013355114,TRUE,FALSE,FALSE,TRUE
06013355115,TRUE,TRUE,FALSE,TRUE
06013355116,TRUE,FALSE,FALSE,TRUE
06013355117,TRUE,FALSE,FALSE,TRUE
06013355200,TRUE,TRUE,FALSE,TRUE
06013355301,FALSE,FALSE,FALSE,TRUE
06013355302,FALSE,FALSE,FALSE,TRUE
06013355304,FALSE,FALSE,FALSE,TRUE
06013355306,FALSE,FALSE,FALSE,TRUE
06013356001,TRUE,TRUE,TRUE,TRUE
06013356002,TRUE,TRUE,FALSE,TRUE
06013357000,FALSE,FALSE,FALSE,TRUE
06013358000,FALSE,TRUE,TRUE,TRUE
06013359102,TRUE,TRUE,TRUE,TRUE
06013359103,FALSE,TRUE,FALSE,TRUE
06013359104,TRUE,TRUE,FALSE,TRUE
06013359105,TRUE,TRUE,FALSE,TRUE
06013359202,FALSE,FALSE,FALSE,TRUE
06013359203,TRUE,TRUE,FALSE,FALSE
06013359204,TRUE,TRUE,FALSE,TRUE
06013360101,FALSE,TRUE,TRUE,TRUE
06013360102,TRUE,TRUE,TRUE,TRUE
06013360200,FALSE,TRUE,TRUE,TRUE
06013361000,FALSE,TRUE,TRUE,TRUE
06013362000,FALSE,FALSE,FALSE,TRUE
06013363000,FALSE,TRUE,TRUE,TRUE
06013364002,FALSE,TRUE,TRUE,TRUE
06013365002,FALSE,TRUE,TRUE,TRUE
06013365003,FALSE,TRUE,TRUE,TRUE
06013366001,FALSE,TRUE,TRUE,TRUE
06013366002,FALSE,TRUE,TRUE,TRUE
06013367100,FALSE,TRUE,TRUE,TRUE
06013367200,FALSE,TRUE,TRUE,TRUE
06013368001,FALSE,FALSE,TRUE,TRUE
06013368002,FALSE,TRUE,TRUE,TRUE
06013369001,FALSE,TRUE,TRUE,FALSE
06013369002,FALSE,TRUE,TRUE,TRUE
06013370000,FALSE,TRUE,FALSE,FALSE
06013371000,FALSE,TRUE,TRUE,TRUE
06013372000,FALSE,TRUE,TRUE,TRUE
06013373000,FALSE,TRUE,TRUE,TRUE
06013374000,FALSE,TRUE,TRUE,TRUE
06013375000,FALSE,TRUE,TRUE,TRUE
06013376000,FALSE,TRUE,TRUE,FALSE
06013377000,FALSE,TRUE,TRUE,TRUE
06013378000,FALSE,FALSE,FALSE,TRUE
06013379000,FALSE,TRUE,TRUE,TRUE
06013380000,FALSE,TRUE,FALSE,TRUE
06013381000,FALSE,TRUE,TRUE,TRUE
06013382000,FALSE,TRUE,TRUE,TRUE
06013383000,TRUE,TRUE,FALSE,TRUE
06013384000,FALSE,TRUE,FALSE,TRUE
06013385100,FALSE,TRUE,FALSE,TRUE
06013385200,TRUE,FALSE,FALSE,TRUE
06013386000,TRUE,TRUE,FALSE,TRUE
06013387000,TRUE,TRUE,FALSE,TRUE
06013388000,TRUE,FALSE,FALSE,TRUE
06013389100,TRUE,FALSE,FALSE,TRUE
06013389200,TRUE,TRUE,FALSE,TRUE
06013390100,FALSE,FALSE,FALSE,TRUE
06013392000,FALSE,FALSE,FALSE,TRUE
06013392200,FALSE,TRUE,TRUE,TRUE
06013392300,TRUE,TRUE,FALSE,TRUE
06041101200,FALSE,FALSE,TRUE,FALSE
06041102100,FALSE,FALSE,FALSE,TRUE
06041102202,FALSE,FALSE,TRUE,FALSE
06041102203,FALSE,FALSE,TRUE,TRUE
06041103100,FALSE,FALSE,FALSE,TRUE
06041103200,FALSE,FALSE,FALSE,TRUE
06041104101,FALSE,FALSE,FALSE,TRUE
06041104102,FALSE,FALSE,TRUE,TRUE
06041104200,FALSE,FALSE,FALSE,TRUE
06041104300,FALSE,FALSE,FALSE,TRUE
06041105000,FALSE,FALSE,TRUE,TRUE
06041106001,FALSE,TRUE,FALSE,TRUE
06041106002,FALSE,FALSE,TRUE,TRUE
06041108100,FALSE,FALSE,FALSE,TRUE
06041108200,FALSE,FALSE,FALSE,TRUE
06041109001,FALSE,FALSE,TRUE,TRUE
06041110100,FALSE,TRUE,FALSE,TRUE
06041110200,FALSE,FALSE,FALSE,TRUE
06041111000,FALSE,FALSE,TRUE,TRUE
06041112100,FALSE,FALSE,TRUE,TRUE
06041112201,FALSE,FALSE,TRUE,TRUE
06041112202,FALSE,FALSE,TRUE,TRUE
06041114100,FALSE,FALSE,FALSE,TRUE
06041116000,FALSE,FALSE,FALSE,TRUE
06041117000,FALSE,FALSE,FALSE,TRUE
06041118100,FALSE,FALSE,FALSE,TRUE
06041119202,FALSE,FALSE,FALSE,TRUE
06041120000,FALSE,FALSE,FALSE,TRUE
06041121100,FALSE,FALSE,FALSE,TRUE
06041122000,FALSE,TRUE,TRUE,TRUE
06041124100,FALSE,FALSE,FALSE,TRUE
06041124200,FALSE,FALSE,FALSE,TRUE
06041125000,FALSE,FALSE,FALSE,TRUE
06041126100,FALSE,FALSE,FALSE,TRUE
06041126200,FALSE,FALSE,FALSE,TRUE
06041127000,FALSE,FALSE,FALSE,TRUE
06041129000,FALSE,TRUE,TRUE,TRUE
06041130201,FALSE,FALSE,FALSE,TRUE
06041130202,FALSE,FALSE,FALSE,TRUE
06041132100,FALSE,FALSE,FALSE,TRUE
06041132200,FALSE,FALSE,FALSE,TRUE
06041133000,FALSE,FALSE,FALSE,TRUE
06055200201,FALSE,FALSE,TRUE,FALSE
06055200202,FALSE,FALSE,TRUE,TRUE
06055200203,FALSE,FALSE,TRUE,TRUE
06055200301,FALSE,FALSE,TRUE,FALSE
06055200302,FALSE,FALSE,TRUE,FALSE
06055200400,FALSE,FALSE,TRUE,TRUE
06055200501,FALSE,FALSE,TRUE,TRUE
06055200503,FALSE,FALSE,TRUE,TRUE
06055200504,FALSE,FALSE,TRUE,FALSE
06055200505,FALSE,FALSE,TRUE,FALSE
06055200601,FALSE,FALSE,TRUE,TRUE
06055200602,FALSE,FALSE,TRUE,FALSE
06055200703,FALSE,FALSE,FALSE,TRUE
06055200704,FALSE,FALSE,TRUE,TRUE
06055200705,FALSE,FALSE,TRUE,TRUE
06055200706,FALSE,FALSE,TRUE,TRUE
06055200707,FALSE,FALSE,TRUE,FALSE
06055200802,FALSE,FALSE,TRUE,TRUE
06055200803,FALSE,FALSE,TRUE,FALSE
06055200804,FALSE,FALSE,TRUE,TRUE
06055200900,FALSE,TRUE,FALSE,TRUE
06055201003,TRUE,TRUE,FALSE,TRUE
06055201004,TRUE,TRUE,TRUE,TRUE
06055201005,TRUE,FALSE,FALSE,TRUE
06055201006,FALSE,FALSE,TRUE,TRUE
06055201007,TRUE,TRUE,TRUE,TRUE
06055201101,FALSE,FALSE,FALSE,TRUE
06055201102,FALSE,FALSE,FALSE,TRUE
06055201200,FALSE,FALSE,TRUE,FALSE
06055201401,FALSE,FALSE,FALSE,TRUE
06055201402,FALSE,FALSE,FALSE,TRUE
06055201403,FALSE,FALSE,FALSE,TRUE
06055201500,FALSE,FALSE,TRUE,TRUE
06055201601,FALSE,FALSE,TRUE,FALSE
06055201602,FALSE,FALSE,FALSE,TRUE
06055201700,FALSE,FALSE,FALSE,TRUE
06055201800,FALSE,FALSE,FALSE,TRUE
06055201900,FALSE,FALSE,FALSE,TRUE
06055202000,FALSE,FALSE,TRUE,FALSE
06075010100,TRUE,FALSE,FALSE,TRUE
06075010200,FALSE,FALSE,FALSE,TRUE
06075010300,TRUE,FALSE,FALSE,FALSE
06075010400,TRUE,FALSE,FALSE,TRUE
06075010500,TRUE,FALSE,FALSE,TRUE
06075010600,TRUE,FALSE,FALSE,FALSE
06075010700,TRUE,FALSE,FALSE,TRUE
06075010800,TRUE,FALSE,FALSE,FALSE
06075010900,FALSE,FALSE,FALSE,TRUE
06075011000,TRUE,FALSE,FALSE,TRUE
06075011100,TRUE,FALSE,FALSE,TRUE
06075011200,TRUE,FALSE,FALSE,TRUE
06075011300,TRUE,FALSE,FALSE,TRUE
06075011700,TRUE,FALSE,FALSE,TRUE
06075011800,TRUE,FALSE,FALSE,FALSE
06075011901,TRUE,FALSE,FALSE,TRUE
06075011902,TRUE,FALSE,FALSE,TRUE
06075012000,TRUE,FALSE,FALSE,TRUE
06075012100,TRUE,FALSE,FALSE,TRUE
06075012201,FALSE,TRUE,TRUE,TRUE
06075012202,FALSE,TRUE,TRUE,TRUE
06075012301,TRUE,TRUE,TRUE,TRUE
06075012302,TRUE,FALSE,FALSE,FALSE
06075012401,TRUE,TRUE,TRUE,TRUE
06075012402,TRUE,TRUE,FALSE,TRUE
06075012501,TRUE,TRUE,FALSE,TRUE
06075012502,TRUE,TRUE,FALSE,TRUE
06075012700,FALSE,FALSE,FALSE,TRUE
06075012800,FALSE,FALSE,FALSE,TRUE
06075012901,FALSE,FALSE,FALSE,TRUE
06075012902,FALSE,FALSE,FALSE,TRUE
06075013000,FALSE,FALSE,FALSE,TRUE
06075013101,FALSE,FALSE,FALSE,TRUE
06075013200,FALSE,FALSE,FALSE,TRUE
06075013300,FALSE,FALSE,FALSE,TRUE
06075013500,FALSE,FALSE,FALSE,TRUE
06075015100,TRUE,FALSE,FALSE,FALSE
06075015200,TRUE,TRUE,FALSE,FALSE
06075015300,FALSE,TRUE,FALSE,TRUE
06075015400,TRUE,FALSE,FALSE,TRUE
06075015500,TRUE,FALSE,FALSE,FALSE
06075015600,TRUE,FALSE,FALSE,TRUE
06075015700,TRUE,FALSE,FALSE,TRUE
06075015801,FALSE,TRUE,FALSE,TRUE
06075015802,FALSE,TRUE,FALSE,TRUE
06075015900,TRUE,TRUE,FALSE,FALSE
06075016000,TRUE,TRUE,FALSE,TRUE
06075016100,TRUE,TRUE,FALSE,TRUE
06075016200,FALSE,FALSE,FALSE,TRUE
06075016300,FALSE,TRUE,FALSE,TRUE
06075016400,FALSE,TRUE,FALSE,TRUE
06075016500,FALSE,TRUE,FALSE,FALSE
06075016600,FALSE,FALSE,FALSE,TRUE
06075016700,FALSE,FALSE,FALSE,TRUE
06075016801,FALSE,TRUE,FALSE,TRUE
06075016802,FALSE,FALSE,FALSE,TRUE
06075016900,FALSE,FALSE,FALSE,TRUE
06075017101,FALSE,FALSE,FALSE,TRUE
06075017102,FALSE,FALSE,FALSE,TRUE
06075017601,TRUE,TRUE,FALSE,TRUE
06075017700,FALSE,FALSE,TRUE,TRUE
06075017801,TRUE,FALSE,FALSE,FALSE
06075017802,FALSE,TRUE,FALSE,TRUE
06075017902,FALSE,TRUE,TRUE,TRUE
06075018000,FALSE,TRUE,FALSE,TRUE
06075020100,FALSE,FALSE,TRUE,TRUE
06075020200,FALSE,FALSE,FALSE,TRUE
06075020300,FALSE,FALSE,FALSE,TRUE
06075020401,FALSE,FALSE,FALSE,TRUE
06075020402,FALSE,FALSE,FALSE,TRUE
06075020500,FALSE,FALSE,FALSE,TRUE
06075020600,FALSE,FALSE,FALSE,TRUE
06075020700,FALSE,FALSE,FALSE,TRUE
06075020800,FALSE,FALSE,TRUE,TRUE
06075020900,FALSE,FALSE,TRUE,TRUE
06075021000,FALSE,FALSE,FALSE,TRUE
06075021100,FALSE,FALSE,FALSE,TRUE
06075021200,FALSE,FALSE,FALSE,TRUE
06075021300,FALSE,FALSE,FALSE,TRUE
06075021400,FALSE,FALSE,FALSE,TRUE
06075021500,FALSE,FALSE,FALSE,TRUE
06075021600,FALSE,TRUE,FALSE,TRUE
06075021700,FALSE,TRUE,FALSE,TRUE
06075021800,FALSE,FALSE,FALSE,TRUE
06075022600,FALSE,TRUE,FALSE,TRUE
06075022702,FALSE,FALSE,FALSE,TRUE
06075022704,FALSE,FALSE,FALSE,TRUE
06075022801,FALSE,FALSE,TRUE,TRUE
06075022802,FALSE,FALSE,TRUE,TRUE
06075022803,FALSE,FALSE,TRUE,FALSE
06075022901,FALSE,FALSE,TRUE,FALSE
06075022902,FALSE,FALSE,TRUE,TRUE
06075022903,FALSE,FALSE,TRUE,TRUE
06075023001,TRUE,TRUE,FALSE,TRUE
06075023003,TRUE,TRUE,FALSE,FALSE
06075023102,FALSE,TRUE,FALSE,TRUE
06075023103,FALSE,TRUE,FALSE,TRUE
06075023200,FALSE,TRUE,TRUE,TRUE
06075023300,TRUE,TRUE,FALSE,FALSE
06075023400,FALSE,TRUE,TRUE,TRUE
06075025100,FALSE,TRUE,FALSE,TRUE
06075025200,FALSE,FALSE,FALSE,TRUE
06075025300,FALSE,FALSE,TRUE,TRUE
06075025401,FALSE,FALSE,TRUE,TRUE
06075025402,TRUE,FALSE,FALSE,TRUE
06075025403,FALSE,TRUE,TRUE,TRUE
06075025500,TRUE,FALSE,TRUE,TRUE
06075025600,TRUE,FALSE,FALSE,TRUE
06075025701,TRUE,FALSE,FALSE,TRUE
06075025702,TRUE,FALSE,TRUE,FALSE
06075025800,TRUE,FALSE,TRUE,FALSE
06075025900,TRUE,TRUE,TRUE,FALSE
06075026001,TRUE,FALSE,TRUE,TRUE
06075026002,TRUE,FALSE,TRUE,TRUE
06075026003,TRUE,FALSE,TRUE,TRUE
06075026004,TRUE,FALSE,TRUE,TRUE
06075026100,TRUE,FALSE,TRUE,TRUE
06075026200,TRUE,FALSE,FALSE,TRUE
06075026301,TRUE,FALSE,TRUE,TRUE
06075026302,TRUE,FALSE,TRUE,FALSE
06075026303,TRUE,FALSE,TRUE,FALSE
06075026401,TRUE,TRUE,FALSE,TRUE
06075026402,TRUE,TRUE,TRUE,TRUE
06075026403,TRUE,FALSE,FALSE,TRUE
06075026404,TRUE,TRUE,FALSE,TRUE
06075030101,FALSE,FALSE,FALSE,TRUE
06075030102,FALSE,FALSE,FALSE,TRUE
06075030201,TRUE,FALSE,FALSE,TRUE
06075030202,TRUE,FALSE,FALSE,TRUE
06075030301,TRUE,FALSE,FALSE,TRUE
06075030302,TRUE,FALSE,FALSE,TRUE
06075030400,TRUE,FALSE,FALSE,TRUE
06075030500,TRUE,TRUE,FALSE,TRUE
06075030600,TRUE,FALSE,FALSE,TRUE
06075030700,TRUE,FALSE,FALSE,TRUE
06075030800,TRUE,FALSE,FALSE,TRUE
06075030900,TRUE,FALSE,FALSE,TRUE
06075031000,TRUE,FALSE,FALSE,TRUE
06075031100,TRUE,TRUE,FALSE,TRUE
06075031201,TRUE,TRUE,FALSE,TRUE
06075031202,TRUE,TRUE,FALSE,TRUE
06075031301,TRUE,TRUE,FALSE,TRUE
06075031302,TRUE,TRUE,FALSE,TRUE
06075031400,TRUE,TRUE,FALSE,TRUE
06075032601,TRUE,FALSE,FALSE,TRUE
06075032602,TRUE,FALSE,FALSE,TRUE
06075032700,TRUE,FALSE,FALSE,TRUE
06075032801,TRUE,FALSE,FALSE,TRUE
06075032802,TRUE,FALSE,FALSE,TRUE
06075032901,TRUE,FALSE,FALSE,TRUE
06075032902,TRUE,FALSE,FALSE,TRUE
06075033000,TRUE,FALSE,FALSE,TRUE
06075033100,TRUE,FALSE,FALSE,FALSE
06075033201,FALSE,FALSE,TRUE,TRUE
06075033203,TRUE,FALSE,FALSE,TRUE
06075033204,TRUE,TRUE,FALSE,TRUE
06075035100,TRUE,FALSE,FALSE,TRUE
06075035201,TRUE,FALSE,FALSE,FALSE
06075035202,TRUE,FALSE,FALSE,TRUE
06075035300,TRUE,FALSE,FALSE,TRUE
06075035400,TRUE,FALSE,FALSE,TRUE
06075040100,TRUE,FALSE,FALSE,TRUE
06075040200,TRUE,FALSE,FALSE,TRUE
06075042601,TRUE,FALSE,FALSE,FALSE
06075042602,TRUE,FALSE,FALSE,TRUE
06075042700,TRUE,FALSE,FALSE,TRUE
06075042800,FALSE,FALSE,FALSE,TRUE
06075045100,TRUE,FALSE,FALSE,TRUE
06075045200,TRUE,FALSE,FALSE,TRUE
06075047600,TRUE,FALSE,FALSE,TRUE
06075047701,TRUE,FALSE,FALSE,TRUE
06075047702,TRUE,FALSE,FALSE,TRUE
06075047801,TRUE,FALSE,FALSE,TRUE
06075047802,TRUE,FALSE,FALSE,TRUE
06075047901,TRUE,FALSE,FALSE,TRUE
06075047902,TRUE,FALSE,FALSE,TRUE
06075060400,FALSE,FALSE,FALSE,TRUE
06075060502,TRUE,TRUE,TRUE,TRUE
06075060700,TRUE,TRUE,FALSE,TRUE
06075061000,TRUE,TRUE,FALSE,TRUE
06075061100,TRUE,FALSE,FALSE,TRUE
06075061200,TRUE,TRUE,TRUE,TRUE
06075061400,FALSE,TRUE,FALSE,TRUE
06075061500,TRUE,FALSE,FALSE,TRUE
06075980200,TRUE,TRUE,FALSE,FALSE
06075980300,FALSE,FALSE,FALSE,TRUE
06075980501,TRUE,TRUE,FALSE,TRUE
06075980600,FALSE,TRUE,FALSE,FALSE
06075980900,FALSE,TRUE,FALSE,TRUE
06081600100,TRUE,FALSE,FALSE,TRUE
06081600200,TRUE,FALSE,TRUE,TRUE
06081600300,TRUE,FALSE,FALSE,TRUE
06081600401,TRUE,TRUE,TRUE,TRUE
06081600402,TRUE,FALSE,TRUE,FALSE
06081600500,TRUE,FALSE,TRUE,TRUE
06081600600,TRUE,FALSE,TRUE,TRUE
06081600700,TRUE,FALSE,TRUE,FALSE
06081600800,TRUE,TRUE,FALSE,FALSE
06081600900,TRUE,FALSE,FALSE,TRUE
06081601000,TRUE,FALSE,FALSE,TRUE
06081601100,TRUE,FALSE,FALSE,TRUE
06081601200,TRUE,FALSE,TRUE,TRUE
06081601300,TRUE,FALSE,TRUE,FALSE
06081601400,TRUE,FALSE,FALSE,FALSE
06081601501,TRUE,FALSE,FALSE,TRUE
06081601502,TRUE,FALSE,TRUE,TRUE
06081601601,TRUE,FALSE,TRUE,TRUE
06081601603,TRUE,FALSE,FALSE,TRUE
06081601604,TRUE,FALSE,FALSE,TRUE
06081601605,TRUE,FALSE,FALSE,TRUE
06081601700,TRUE,FALSE,TRUE,TRUE
06081601800,TRUE,FALSE,TRUE,TRUE
06081601901,TRUE,FALSE,TRUE,TRUE
06081601902,TRUE,FALSE,TRUE,TRUE
06081602000,TRUE,FALSE,TRUE,TRUE
06081602100,FALSE,FALSE,TRUE,TRUE
06081602200,FALSE,FALSE,TRUE,TRUE
06081602300,TRUE,FALSE,TRUE,TRUE
06081602400,TRUE,FALSE,FALSE,TRUE
06081602500,TRUE,FALSE,FALSE,TRUE
06081602600,TRUE,FALSE,FALSE,TRUE
06081602700,TRUE,TRUE,FALSE,TRUE
06081602800,TRUE,FALSE,FALSE,TRUE
06081602900,FALSE,FALSE,FALSE,TRUE
06081603000,FALSE,FALSE,FALSE,TRUE
06081603100,FALSE,FALSE,FALSE,TRUE
06081603200,FALSE,FALSE,FALSE,TRUE
06081603300,FALSE,FALSE,FALSE,TRUE
06081603400,FALSE,FALSE,FALSE,TRUE
06081603700,TRUE,FALSE,FALSE,TRUE
06081603801,TRUE,FALSE,FALSE,TRUE
06081603900,FALSE,FALSE,TRUE,FALSE
06081604000,TRUE,FALSE,FALSE,TRUE
06081604101,FALSE,FALSE,TRUE,TRUE
06081604102,TRUE,FALSE,FALSE,TRUE
06081604200,FALSE,FALSE,TRUE,TRUE
06081604400,TRUE,FALSE,TRUE,TRUE
06081604500,TRUE,FALSE,FALSE,TRUE
06081604600,TRUE,FALSE,FALSE,TRUE
06081604700,TRUE,FALSE,FALSE,TRUE
06081604800,TRUE,FALSE,FALSE,TRUE
06081604900,TRUE,FALSE,FALSE,FALSE
06081605000,TRUE,FALSE,FALSE,TRUE
06081605100,FALSE,FALSE,FALSE,TRUE
06081605200,FALSE,FALSE,FALSE,TRUE
06081605300,FALSE,FALSE,FALSE,TRUE
06081605400,FALSE,FALSE,FALSE,TRUE
06081605500,FALSE,FALSE,FALSE,TRUE
06081605600,TRUE,FALSE,FALSE,TRUE
06081605700,TRUE,FALSE,FALSE,TRUE
06081605800,FALSE,FALSE,FALSE,TRUE
06081605900,FALSE,FALSE,TRUE,TRUE
06081606000,FALSE,FALSE,TRUE,TRUE
06081606100,FALSE,FALSE,TRUE,TRUE
06081606200,FALSE,FALSE,TRUE,TRUE
06081606300,FALSE,FALSE,TRUE,TRUE
06081606400,FALSE,FALSE,FALSE,TRUE
06081606500,FALSE,FALSE,FALSE,TRUE
06081606600,FALSE,FALSE,FALSE,TRUE
06081606700,TRUE,FALSE,FALSE,TRUE
06081606800,TRUE,FALSE,FALSE,TRUE
06081606900,TRUE,FALSE,FALSE,TRUE
06081607000,FALSE,FALSE,FALSE,TRUE
06081607100,FALSE,FALSE,FALSE,TRUE
06081607200,TRUE,FALSE,TRUE,TRUE
06081607300,FALSE,FALSE,FALSE,TRUE
06081607400,TRUE,FALSE,FALSE,TRUE
06081607500,TRUE,FALSE,TRUE,TRUE
06081607600,FALSE,FALSE,TRUE,FALSE
06081607701,FALSE,FALSE,TRUE,TRUE
06081607702,FALSE,FALSE,TRUE,TRUE
06081607800,FALSE,FALSE,TRUE,TRUE
06081607900,TRUE,FALSE,FALSE,TRUE
06081608001,TRUE,FALSE,FALSE,TRUE
06081608002,TRUE,FALSE,FALSE,TRUE
06081608004,TRUE,FALSE,FALSE,TRUE
06081608013,TRUE,FALSE,FALSE,TRUE
06081608023,TRUE,FALSE,FALSE,TRUE
06081608100,TRUE,FALSE,FALSE,TRUE
06081608200,TRUE,FALSE,FALSE,TRUE
06081608300,TRUE,FALSE,FALSE,TRUE
06081608400,TRUE,FALSE,TRUE,TRUE
06081608501,FALSE,FALSE,FALSE,TRUE
06081608502,TRUE,FALSE,FALSE,TRUE
06081608600,TRUE,FALSE,FALSE,TRUE
06081608700,FALSE,FALSE,FALSE,TRUE
06081608800,FALSE,FALSE,FALSE,TRUE
06081608900,TRUE,FALSE,FALSE,TRUE
06081609000,FALSE,FALSE,FALSE,TRUE
06081609100,FALSE,FALSE,TRUE,TRUE
06081609201,FALSE,FALSE,FALSE,TRUE
06081609202,FALSE,FALSE,FALSE,TRUE
06081609300,FALSE,FALSE,FALSE,TRUE
06081609601,FALSE,FALSE,FALSE,TRUE
06081609602,FALSE,FALSE,FALSE,TRUE
06081609603,FALSE,FALSE,FALSE,TRUE
06081609700,FALSE,FALSE,FALSE,TRUE
06081609800,FALSE,FALSE,FALSE,TRUE
06081609900,FALSE,FALSE,FALSE,TRUE
06081610000,FALSE,FALSE,TRUE,TRUE
06081610100,FALSE,FALSE,TRUE,TRUE
06081610201,FALSE,FALSE,TRUE,TRUE
06081610202,FALSE,TRUE,TRUE,TRUE
06081610203,FALSE,FALSE,TRUE,TRUE
06081610302,FALSE,FALSE,TRUE,FALSE
06081610303,TRUE,FALSE,FALSE,TRUE
06081610304,TRUE,FALSE,FALSE,FALSE
06081610400,FALSE,FALSE,TRUE,TRUE
06081610500,FALSE,FALSE,TRUE,TRUE
06081610601,FALSE,FALSE,TRUE,TRUE
06081610602,FALSE,FALSE,TRUE,FALSE
06081610700,FALSE,FALSE,TRUE,TRUE
06081610800,FALSE,FALSE,TRUE,TRUE
06081610900,FALSE,FALSE,TRUE,TRUE
06081611000,FALSE,FALSE,TRUE,FALSE
06081611100,FALSE,FALSE,FALSE,TRUE
06081611200,FALSE,FALSE,FALSE,TRUE
06081611300,FALSE,FALSE,FALSE,TRUE
06081611400,FALSE,FALSE,FALSE,TRUE
06081611500,FALSE,FALSE,FALSE,TRUE
06081611600,FALSE,FALSE,FALSE,TRUE
06081611700,FALSE,TRUE,TRUE,TRUE
06081611800,FALSE,TRUE,TRUE,TRUE
06081611900,FALSE,TRUE,TRUE,TRUE
06081612000,FALSE,TRUE,TRUE,TRUE
06081612100,FALSE,TRUE,TRUE,TRUE
06081612500,FALSE,FALSE,FALSE,TRUE
06081612600,FALSE,FALSE,FALSE,TRUE
06081612800,FALSE,FALSE,FALSE,TRUE
06081612900,FALSE,FALSE,FALSE,TRUE
06081613200,FALSE,FALSE,FALSE,TRUE
06081613400,FALSE,FALSE,FALSE,TRUE
06081613501,FALSE,FALSE,TRUE,FALSE
06081613502,FALSE,FALSE,FALSE,TRUE
06081613600,FALSE,FALSE,FALSE,TRUE
06081613700,FALSE,FALSE,TRUE,TRUE
06081613800,FALSE,FALSE,FALSE,TRUE
06081613900,FALSE,FALSE,FALSE,TRUE
06081614000,TRUE,FALSE,FALSE,TRUE
06085500100,FALSE,FALSE,TRUE,TRUE
06085500200,FALSE,FALSE,TRUE,TRUE
06085500300,FALSE,TRUE,FALSE,TRUE
06085500400,FALSE,FALSE,TRUE,TRUE
06085500500,FALSE,FALSE,FALSE,TRUE
06085500600,FALSE,TRUE,FALSE,TRUE
06085500800,FALSE,FALSE,TRUE,FALSE
06085500901,TRUE,TRUE,FALSE,TRUE
06085500902,TRUE,TRUE,TRUE,TRUE
06085501000,FALSE,FALSE,TRUE,FALSE
06085501101,FALSE,TRUE,TRUE,TRUE
06085501102,FALSE,FALSE,TRUE,TRUE
06085501200,FALSE,FALSE,TRUE,TRUE
06085501300,FALSE,TRUE,TRUE,TRUE
06085501401,FALSE,FALSE,TRUE,FALSE
06085501402,FALSE,FALSE,TRUE,TRUE
06085501501,TRUE,FALSE,TRUE,FALSE
06085501502,FALSE,FALSE,TRUE,FALSE
06085501600,FALSE,FALSE,TRUE,TRUE
06085501700,FALSE,FALSE,TRUE,FALSE
06085501800,FALSE,FALSE,TRUE,TRUE
06085501900,FALSE,FALSE,TRUE,TRUE
06085502001,FALSE,FALSE,TRUE,TRUE
06085502002,FALSE,FALSE,TRUE,TRUE
06085502101,FALSE,FALSE,FALSE,TRUE
06085502102,FALSE,FALSE,TRUE,FALSE
06085502201,FALSE,TRUE,TRUE,TRUE
06085502202,FALSE,FALSE,FALSE,TRUE
06085502301,FALSE,FALSE,FALSE,TRUE
06085502302,FALSE,FALSE,TRUE,TRUE
06085502400,FALSE,FALSE,FALSE,TRUE
06085502500,FALSE,FALSE,FALSE,TRUE
06085502601,FALSE,FALSE,FALSE,TRUE
06085502603,FALSE,FALSE,FALSE,TRUE
06085502604,FALSE,TRUE,FALSE,FALSE
06085502701,FALSE,FALSE,FALSE,TRUE
06085502800,FALSE,FALSE,FALSE,TRUE
06085502901,FALSE,FALSE,TRUE,FALSE
06085502902,FALSE,FALSE,FALSE,TRUE
06085502903,FALSE,FALSE,FALSE,TRUE
06085502906,FALSE,FALSE,FALSE,TRUE
06085502907,FALSE,FALSE,FALSE,TRUE
06085502909,FALSE,FALSE,TRUE,TRUE
06085502910,FALSE,FALSE,TRUE,TRUE
06085503001,FALSE,FALSE,FALSE,TRUE
06085503002,FALSE,FALSE,TRUE,TRUE
06085503003,FALSE,FALSE,FALSE,TRUE
06085503105,TRUE,FALSE,FALSE,TRUE
06085503108,TRUE,FALSE,TRUE,TRUE
06085503110,TRUE,FALSE,TRUE,TRUE
06085503111,TRUE,FALSE,TRUE,TRUE
06085503112,TRUE,FALSE,TRUE,FALSE
06085503113,FALSE,FALSE,TRUE,FALSE
06085503115,TRUE,FALSE,FALSE,TRUE
06085503116,TRUE,FALSE,FALSE,TRUE
06085503117,TRUE,FALSE,TRUE,TRUE
06085503118,TRUE,FALSE,TRUE,FALSE
06085503121,FALSE,FALSE,TRUE,TRUE
06085503122,TRUE,TRUE,TRUE,TRUE
06085503123,FALSE,TRUE,TRUE,FALSE
06085503204,TRUE,FALSE,TRUE,TRUE
06085503207,TRUE,FALSE,FALSE,TRUE
06085503208,TRUE,FALSE,TRUE,TRUE
06085503210,TRUE,FALSE,TRUE,TRUE
06085503211,TRUE,FALSE,TRUE,TRUE
06085503212,TRUE,FALSE,TRUE,TRUE
06085503213,TRUE,FALSE,TRUE,TRUE
06085503214,TRUE,FALSE,TRUE,TRUE
06085503217,FALSE,FALSE,TRUE,TRUE
06085503218,FALSE,FALSE,TRUE,FALSE
06085503304,TRUE,FALSE,TRUE,TRUE
06085503305,TRUE,FALSE,TRUE,TRUE
06085503306,TRUE,FALSE,TRUE,TRUE
06085503312,FALSE,FALSE,TRUE,TRUE
06085503313,TRUE,FALSE,FALSE,FALSE
06085503315,TRUE,FALSE,TRUE,TRUE
06085503321,TRUE,FALSE,FALSE,TRUE
06085503322,TRUE,FALSE,TRUE,FALSE
06085503323,TRUE,FALSE,TRUE,FALSE
06085503324,TRUE,FALSE,FALSE,FALSE
06085503325,TRUE,FALSE,FALSE,TRUE
06085503326,TRUE,FALSE,FALSE,TRUE
06085503327,TRUE,FALSE,TRUE,TRUE
06085503329,TRUE,FALSE,FALSE,TRUE
06085503330,TRUE,FALSE,FALSE,FALSE
06085503331,TRUE,FALSE,FALSE,TRUE
06085503332,TRUE,FALSE,FALSE,TRUE
06085503333,TRUE,FALSE,FALSE,TRUE
06085503334,TRUE,FALSE,FALSE,TRUE
06085503336,TRUE,FALSE,TRUE,TRUE
06085503337,TRUE,FALSE,TRUE,TRUE
06085503401,FALSE,FALSE,TRUE,TRUE
06085503402,TRUE,FALSE,TRUE,FALSE
06085503504,FALSE,FALSE,TRUE,TRUE
06085503506,TRUE,FALSE,TRUE,TRUE
06085503507,FALSE,FALSE,TRUE,FALSE
06085503508,FALSE,FALSE,TRUE,TRUE
06085503509,TRUE,FALSE,TRUE,FALSE
06085503510,FALSE,FALSE,TRUE,TRUE
06085503511,TRUE,FALSE,TRUE,TRUE
06085503601,FALSE,FALSE,TRUE,TRUE
06085503602,TRUE,FALSE,TRUE,FALSE
06085503703,FALSE,FALSE,TRUE,TRUE
06085503707,TRUE,FALSE,TRUE,FALSE
06085503708,TRUE,FALSE,FALSE,FALSE
06085503709,TRUE,FALSE,TRUE,FALSE
06085503710,TRUE,FALSE,TRUE,TRUE
06085503711,FALSE,FALSE,TRUE,TRUE
06085503712,TRUE,FALSE,TRUE,FALSE
06085503713,TRUE,FALSE,TRUE,TRUE
06085503802,TRUE,FALSE,TRUE,TRUE
06085503803,TRUE,FALSE,FALSE,FALSE
06085503804,TRUE,FALSE,TRUE,TRUE
06085503902,FALSE,FALSE,TRUE,TRUE
06085503903,TRUE,FALSE,TRUE,FALSE
06085504001,FALSE,FALSE,TRUE,FALSE
06085504002,TRUE,FALSE,TRUE,TRUE
06085504101,FALSE,FALSE,TRUE,TRUE
06085504102,FALSE,FALSE,TRUE,FALSE
06085504201,TRUE,FALSE,TRUE,FALSE
06085504202,FALSE,FALSE,TRUE,FALSE
06085504307,TRUE,FALSE,FALSE,FALSE
06085504308,TRUE,FALSE,FALSE,TRUE
06085504311,TRUE,FALSE,FALSE,TRUE
06085504314,TRUE,FALSE,TRUE,FALSE
06085504315,TRUE,FALSE,FALSE,TRUE
06085504316,TRUE,FALSE,FALSE,TRUE
06085504317,TRUE,FALSE,FALSE,TRUE
06085504318,TRUE,FALSE,TRUE,FALSE
06085504319,TRUE,FALSE,FALSE,TRUE
06085504320,TRUE,FALSE,FALSE,TRUE
06085504321,TRUE,FALSE,FALSE,FALSE
06085504322,TRUE,FALSE,FALSE,TRUE
06085504323,TRUE,FALSE,FALSE,TRUE
06085504410,TRUE,FALSE,FALSE,TRUE
06085504411,TRUE,FALSE,FALSE,TRUE
06085504412,TRUE,FALSE,TRUE,FALSE
06085504413,TRUE,FALSE,FALSE,TRUE
06085504414,TRUE,FALSE,FALSE,TRUE
06085504415,TRUE,FALSE,FALSE,TRUE
06085504416,TRUE,FALSE,FALSE,TRUE
06085504417,TRUE,FALSE,TRUE,FALSE
06085504418,TRUE,FALSE,TRUE,TRUE
06085504420,TRUE,FALSE,FALSE,TRUE
06085504421,TRUE,FALSE,FALSE,TRUE
06085504422,TRUE,FALSE,FALSE,FALSE
06085504423,TRUE,FALSE,FALSE,FALSE
06085504504,TRUE,FALSE,FALSE,FALSE
06085504505,TRUE,FALSE,FALSE,TRUE
06085504506,TRUE,FALSE,FALSE,FALSE
06085504507,TRUE,FALSE,TRUE,TRUE
06085504601,FALSE,FALSE,TRUE,FALSE
06085504602,TRUE,FALSE,TRUE,FALSE
06085504700,FALSE,TRUE,FALSE,TRUE
06085504802,TRUE,FALSE,TRUE,TRUE
06085504803,TRUE,FALSE,FALSE,TRUE
06085504805,TRUE,FALSE,FALSE,FALSE
06085504806,TRUE,FALSE,TRUE,TRUE
06085504901,TRUE,FALSE,FALSE,TRUE
06085505001,TRUE,FALSE,FALSE,TRUE
06085505006,TRUE,FALSE,FALSE,TRUE
06085505007,TRUE,FALSE,FALSE,FALSE
06085505008,TRUE,FALSE,FALSE,TRUE
06085505009,TRUE,FALSE,TRUE,TRUE
06085505100,TRUE,FALSE,TRUE,TRUE
06085505202,TRUE,FALSE,TRUE,TRUE
06085505203,TRUE,FALSE,FALSE,TRUE
06085505301,TRUE,FALSE,TRUE,TRUE
06085505302,TRUE,FALSE,FALSE,TRUE
06085505303,TRUE,TRUE,TRUE,FALSE
06085505304,TRUE,FALSE,TRUE,TRUE
06085505305,TRUE,FALSE,FALSE,TRUE
06085505401,TRUE,FALSE,FALSE,TRUE
06085505402,TRUE,FALSE,TRUE,TRUE
06085505403,TRUE,FALSE,TRUE,TRUE
06085505500,FALSE,TRUE,TRUE,TRUE
06085505600,FALSE,FALSE,FALSE,TRUE
06085505700,FALSE,FALSE,TRUE,TRUE
06085505800,FALSE,FALSE,TRUE,TRUE
06085505900,TRUE,TRUE,FALSE,TRUE
06085506101,TRUE,FALSE,FALSE,TRUE
06085506102,TRUE,FALSE,FALSE,TRUE
06085506103,TRUE,FALSE,FALSE,FALSE
06085506202,TRUE,FALSE,FALSE,TRUE
06085506203,TRUE,FALSE,FALSE,TRUE
06085506204,TRUE,FALSE,FALSE,FALSE
06085506301,TRUE,TRUE,FALSE,FALSE
06085506302,TRUE,FALSE,FALSE,TRUE
06085506304,TRUE,FALSE,TRUE,TRUE
06085506305,FALSE,TRUE,TRUE,TRUE
06085506401,FALSE,TRUE,TRUE,TRUE
06085506402,FALSE,FALSE,TRUE,FALSE
06085506501,FALSE,FALSE,TRUE,TRUE
06085506502,FALSE,FALSE,FALSE,TRUE
06085506503,FALSE,FALSE,FALSE,TRUE
06085506601,TRUE,FALSE,FALSE,TRUE
06085506603,TRUE,FALSE,FALSE,TRUE
06085506604,TRUE,FALSE,FALSE,TRUE
06085506605,TRUE,FALSE,TRUE,TRUE
06085506606,FALSE,FALSE,FALSE,TRUE
06085506701,FALSE,FALSE,FALSE,TRUE
06085506702,FALSE,FALSE,FALSE,TRUE
06085506703,FALSE,FALSE,FALSE,TRUE
06085506801,FALSE,FALSE,FALSE,TRUE
06085506802,FALSE,FALSE,FALSE,TRUE
06085506804,FALSE,FALSE,FALSE,TRUE
06085506900,FALSE,FALSE,FALSE,TRUE
06085507002,FALSE,FALSE,FALSE,TRUE
06085507100,FALSE,FALSE,FALSE,TRUE
06085507203,FALSE,FALSE,FALSE,TRUE
06085507205,FALSE,FALSE,FALSE,TRUE
06085507301,TRUE,FALSE,FALSE,TRUE
06085507302,TRUE,FALSE,FALSE,FALSE
06085507401,TRUE,FALSE,FALSE,TRUE
06085507402,TRUE,FALSE,FALSE,TRUE
06085507500,TRUE,FALSE,FALSE,FALSE
06085507600,TRUE,FALSE,FALSE,TRUE
06085507701,TRUE,FALSE,FALSE,TRUE
06085507702,TRUE,FALSE,FALSE,TRUE
06085507703,TRUE,FALSE,FALSE,TRUE
06085507805,TRUE,FALSE,FALSE,FALSE
06085507806,TRUE,FALSE,FALSE,TRUE
06085507807,TRUE,FALSE,FALSE,TRUE
06085507808,TRUE,FALSE,FALSE,FALSE
06085507903,TRUE,FALSE,FALSE,FALSE
06085507904,TRUE,FALSE,FALSE,TRUE
06085507905,TRUE,FALSE,FALSE,TRUE
06085507906,TRUE,FALSE,FALSE,FALSE
06085508001,TRUE,FALSE,FALSE,FALSE
06085508003,TRUE,FALSE,FALSE,TRUE
06085508004,TRUE,FALSE,FALSE,FALSE
06085508101,TRUE,FALSE,FALSE,TRUE
06085508102,TRUE,FALSE,FALSE,TRUE
06085508202,TRUE,FALSE,FALSE,TRUE
06085508203,TRUE,FALSE,FALSE,TRUE
06085508204,TRUE,FALSE,FALSE,TRUE
06085508301,TRUE,FALSE,FALSE,TRUE
06085508303,TRUE,FALSE,FALSE,TRUE
06085508304,TRUE,FALSE,FALSE,TRUE
06085508401,TRUE,FALSE,FALSE,FALSE
06085508403,TRUE,FALSE,FALSE,TRUE
06085508404,TRUE,FALSE,FALSE,TRUE
06085508503,TRUE,FALSE,FALSE,TRUE
06085508504,TRUE,FALSE,TRUE,FALSE
06085508505,TRUE,FALSE,FALSE,FALSE
06085508507,TRUE,FALSE,FALSE,TRUE
06085508508,TRUE,FALSE,FALSE,TRUE
06085508601,TRUE,FALSE,FALSE,TRUE
06085508602,TRUE,FALSE,FALSE,FALSE
06085508703,TRUE,FALSE,FALSE,TRUE
06085508704,TRUE,FALSE,FALSE,FALSE
06085508800,TRUE,FALSE,TRUE,FALSE
06085508900,TRUE,FALSE,TRUE,TRUE
06085509000,FALSE,FALSE,TRUE,TRUE
06085509102,TRUE,FALSE,FALSE,TRUE
06085509105,TRUE,FALSE,FALSE,TRUE
06085509106,TRUE,FALSE,TRUE,FALSE
06085509107,TRUE,FALSE,FALSE,TRUE
06085509108,TRUE,FALSE,FALSE,TRUE
06085509109,TRUE,FALSE,FALSE,TRUE
06085509201,TRUE,FALSE,FALSE,TRUE
06085509202,TRUE,FALSE,FALSE,TRUE
06085509302,FALSE,FALSE,FALSE,TRUE
06085509303,FALSE,FALSE,FALSE,TRUE
06085509304,FALSE,FALSE,TRUE,TRUE
06085509401,TRUE,FALSE,FALSE,TRUE
06085509403,FALSE,FALSE,TRUE,TRUE
06085509404,TRUE,FALSE,TRUE,TRUE
06085509500,FALSE,FALSE,TRUE,TRUE
06085509600,TRUE,FALSE,FALSE,TRUE
06085509700,FALSE,FALSE,FALSE,TRUE
06085509801,TRUE,FALSE,FALSE,TRUE
06085509802,TRUE,FALSE,FALSE,TRUE
06085509901,FALSE,FALSE,FALSE,TRUE
06085509902,FALSE,FALSE,FALSE,TRUE
06085510001,TRUE,FALSE,FALSE,TRUE
06085510002,TRUE,FALSE,FALSE,TRUE
06085510100,FALSE,FALSE,FALSE,TRUE
06085510200,FALSE,FALSE,FALSE,TRUE
06085510400,TRUE,FALSE,FALSE,TRUE
06085510500,TRUE,FALSE,FALSE,TRUE
06085510600,TRUE,FALSE,FALSE,FALSE
06085510700,TRUE,FALSE,FALSE,FALSE
06085510801,TRUE,FALSE,FALSE,FALSE
06085510802,TRUE,FALSE,FALSE,TRUE
06085510803,TRUE,FALSE,FALSE,FALSE
06085510900,TRUE,FALSE,FALSE,TRUE
06085511000,TRUE,FALSE,FALSE,TRUE
06085511100,TRUE,FALSE,FALSE,TRUE
06085511200,FALSE,FALSE,FALSE,TRUE
06085511301,FALSE,FALSE,FALSE,TRUE
06085511302,TRUE,FALSE,FALSE,TRUE
06085511400,FALSE,FALSE,FALSE,TRUE
06085511500,FALSE,FALSE,FALSE,TRUE
06085511608,FALSE,TRUE,FALSE,TRUE
06085511609,FALSE,FALSE,FALSE,TRUE
06085511701,TRUE,FALSE,FALSE,TRUE
06085511704,TRUE,FALSE,FALSE,FALSE
06085511705,TRUE,FALSE,FALSE,TRUE
06085511707,TRUE,FALSE,FALSE,TRUE
06085511800,FALSE,FALSE,FALSE,TRUE
06085511905,TRUE,FALSE,FALSE,FALSE
06085511907,TRUE,FALSE,FALSE,FALSE
06085511909,TRUE,FALSE,FALSE,TRUE
06085511910,FALSE,FALSE,FALSE,TRUE
06085511911,FALSE,TRUE,FALSE,TRUE
06085511912,TRUE,FALSE,FALSE,TRUE
06085511914,FALSE,FALSE,FALSE,TRUE
06085511915,FALSE,TRUE,TRUE,TRUE
06085511916,FALSE,FALSE,FALSE,TRUE
06085512001,TRUE,FALSE,FALSE,TRUE
06085512005,FALSE,FALSE,TRUE,TRUE
06085512017,TRUE,FALSE,TRUE,TRUE
06085512019,TRUE,TRUE,TRUE,TRUE
06085512020,TRUE,FALSE,TRUE,TRUE
06085512021,TRUE,FALSE,TRUE,TRUE
06085512022,TRUE,FALSE,TRUE,TRUE
06085512023,FALSE,TRUE,TRUE,TRUE
06085512024,FALSE,TRUE,TRUE,TRUE
06085512025,FALSE,FALSE,FALSE,TRUE
06085512026,FALSE,FALSE,TRUE,TRUE
06085512027,FALSE,FALSE,TRUE,FALSE
06085512029,FALSE,FALSE,TRUE,TRUE
06085512030,FALSE,FALSE,FALSE,TRUE
06085512031,FALSE,FALSE,TRUE,TRUE
06085512032,FALSE,FALSE,TRUE,TRUE
06085512033,FALSE,FALSE,TRUE,TRUE
06085512034,FALSE,FALSE,TRUE,TRUE
06085512035,FALSE,FALSE,TRUE,TRUE
06085512036,TRUE,FALSE,TRUE,TRUE
06085512037,FALSE,FALSE,TRUE,TRUE
06085512038,FALSE,TRUE,TRUE,FALSE
06085512039,TRUE,TRUE,TRUE,FALSE
06085512042,TRUE,FALSE,TRUE,TRUE
06085512043,FALSE,FALSE,TRUE,FALSE
06085512045,FALSE,FALSE,TRUE,TRUE
06085512047,FALSE,FALSE,TRUE,TRUE
06085512052,FALSE,FALSE,TRUE,TRUE
06085512053,FALSE,TRUE,TRUE,FALSE
06085512100,FALSE,FALSE,TRUE,TRUE
06085512305,FALSE,FALSE,FALSE,TRUE
06085512307,FALSE,FALSE,TRUE,TRUE
06085512308,FALSE,FALSE,TRUE,TRUE
06085512309,FALSE,FALSE,TRUE,TRUE
06085512310,FALSE,FALSE,TRUE,TRUE
06085512311,FALSE,FALSE,TRUE,TRUE
06085512312,FALSE,FALSE,TRUE,TRUE
06085512313,FALSE,FALSE,TRUE,FALSE
06085512314,FALSE,FALSE,TRUE,TRUE
06085512401,FALSE,FALSE,TRUE,TRUE
06085512402,FALSE,FALSE,TRUE,TRUE
06085512503,FALSE,FALSE,TRUE,FALSE
06085512505,FALSE,FALSE,TRUE,FALSE
06085512506,FALSE,FALSE,TRUE,TRUE
06085512508,FALSE,FALSE,TRUE,TRUE
06085512509,FALSE,FALSE,TRUE,FALSE
06085512510,FALSE,FALSE,TRUE,FALSE
06085512602,FALSE,FALSE,TRUE,FALSE
06085512603,FALSE,FALSE,TRUE,TRUE
06085512604,FALSE,FALSE,TRUE,FALSE
06085513000,TRUE,FALSE,FALSE,TRUE
06085513500,FALSE,FALSE,FALSE,TRUE
06095250103,TRUE,TRUE,FALSE,TRUE
06095250104,TRUE,TRUE,FALSE,TRUE
06095250105,TRUE,TRUE,FALSE,TRUE
06095250106,TRUE,TRUE,FALSE,TRUE
06095250200,FALSE,TRUE,FALSE,TRUE
06095250300,FALSE,TRUE,TRUE,FALSE
06095250400,FALSE,TRUE,TRUE,TRUE
06095250501,FALSE,TRUE,TRUE,TRUE
06095250502,FALSE,TRUE,TRUE,TRUE
06095250601,FALSE,TRUE,TRUE,TRUE
06095250604,TRUE,TRUE,FALSE,TRUE
06095250605,TRUE,TRUE,FALSE,TRUE
06095250701,FALSE,TRUE,TRUE,TRUE
06095250801,FALSE,TRUE,FALSE,TRUE
06095250900,FALSE,TRUE,FALSE,TRUE
06095251000,FALSE,TRUE,FALSE,TRUE
06095251100,FALSE,TRUE,TRUE,TRUE
06095251200,FALSE,TRUE,TRUE,TRUE
06095251300,FALSE,TRUE,FALSE,TRUE
06095251400,FALSE,TRUE,FALSE,TRUE
06095251500,FALSE,TRUE,TRUE,TRUE
06095251600,FALSE,TRUE,FALSE,TRUE
06095251701,FALSE,TRUE,FALSE,TRUE
06095251702,TRUE,TRUE,FALSE,TRUE
06095251802,TRUE,TRUE,TRUE,FALSE
06095251803,TRUE,TRUE,TRUE,FALSE
06095251804,TRUE,TRUE,TRUE,FALSE
06095251901,FALSE,TRUE,TRUE,FALSE
06095251902,FALSE,TRUE,TRUE,TRUE
06095251903,FALSE,TRUE,TRUE,TRUE
06095252000,FALSE,TRUE,FALSE,TRUE
06095252102,FALSE,FALSE,FALSE,TRUE
06095252103,TRUE,TRUE,FALSE,TRUE
06095252104,FALSE,FALSE,FALSE,TRUE
06095252105,FALSE,FALSE,FALSE,TRUE
06095252106,FALSE,FALSE,FALSE,TRUE
06095252108,FALSE,TRUE,FALSE,TRUE
06095252201,FALSE,TRUE,FALSE,TRUE
06095252202,TRUE,TRUE,FALSE,TRUE
06095252305,FALSE,TRUE,FALSE,TRUE
06095252306,FALSE,TRUE,FALSE,FALSE
06095252310,FALSE,TRUE,FALSE,TRUE
06095252311,FALSE,TRUE,FALSE,TRUE
06095252312,FALSE,TRUE,FALSE,TRUE
06095252313,FALSE,TRUE,TRUE,TRUE
06095252314,FALSE,TRUE,FALSE,TRUE
06095252315,FALSE,TRUE,FALSE,TRUE
06095252316,FALSE,TRUE,TRUE,TRUE
06095252317,TRUE,TRUE,FALSE,TRUE
06095252401,FALSE,TRUE,TRUE,FALSE
06095252402,FALSE,TRUE,TRUE,TRUE
06095252501,FALSE,TRUE,TRUE,TRUE
06095252502,FALSE,TRUE,TRUE,TRUE
06095252604,FALSE,TRUE,TRUE,TRUE
06095252605,FALSE,TRUE,TRUE,TRUE
06095252606,FALSE,TRUE,TRUE,FALSE
06095252607,FALSE,TRUE,TRUE,TRUE
06095252608,FALSE,TRUE,TRUE,TRUE
06095252610,FALSE,TRUE,TRUE,TRUE
06095252611,FALSE,TRUE,TRUE,TRUE
06095252702,TRUE,TRUE,FALSE,TRUE
06095252703,FALSE,TRUE,TRUE,TRUE
06095252704,FALSE,TRUE,FALSE,TRUE
06095252705,FALSE,TRUE,TRUE,TRUE
06095252706,FALSE,TRUE,FALSE,TRUE
06095252707,FALSE,TRUE,TRUE,TRUE
06095252801,FALSE,TRUE,FALSE,TRUE
06095252802,FALSE,TRUE,FALSE,TRUE
06095252903,FALSE,FALSE,FALSE,TRUE
06095252904,FALSE,TRUE,TRUE,TRUE
06095252908,FALSE,FALSE,FALSE,TRUE
06095252909,FALSE,FALSE,FALSE,TRUE
06095252910,FALSE,TRUE,FALSE,TRUE
06095252911,FALSE,FALSE,FALSE,TRUE
06095252912,FALSE,FALSE,FALSE,TRUE
06095252913,FALSE,TRUE,FALSE,TRUE
06095252914,FALSE,TRUE,FALSE,TRUE
06095252915,FALSE,TRUE,FALSE,FALSE
06095253000,FALSE,TRUE,FALSE,TRUE
06095253101,FALSE,FALSE,TRUE,TRUE
06095253105,FALSE,TRUE,TRUE,TRUE
06095253106,FALSE,TRUE,FALSE,FALSE
06095253107,FALSE,TRUE,TRUE,TRUE
06095253108,FALSE,TRUE,FALSE,TRUE
06095253203,FALSE,TRUE,TRUE,FALSE
06095253204,FALSE,TRUE,TRUE,TRUE
06095253205,FALSE,FALSE,TRUE,TRUE
06095253206,FALSE,FALSE,FALSE,TRUE
06095253300,FALSE,FALSE,TRUE,TRUE
06095253402,FALSE,FALSE,TRUE,TRUE
06095253403,FALSE,FALSE,TRUE,FALSE
06095253404,FALSE,FALSE,TRUE,TRUE
06095253500,FALSE,FALSE,FALSE,TRUE
06097150100,FALSE,FALSE,FALSE,TRUE
06097150204,FALSE,FALSE,FALSE,TRUE
06097150303,FALSE,FALSE,FALSE,TRUE
06097150304,FALSE,FALSE,TRUE,FALSE
06097150305,FALSE,FALSE,TRUE,TRUE
06097150306,FALSE,FALSE,TRUE,TRUE
06097150601,FALSE,FALSE,TRUE,TRUE
06097150602,FALSE,FALSE,FALSE,TRUE
06097150603,FALSE,FALSE,TRUE,TRUE
06097150607,FALSE,FALSE,FALSE,TRUE
06097150609,FALSE,FALSE,FALSE,TRUE
06097150610,FALSE,FALSE,FALSE,TRUE
06097150611,FALSE,FALSE,TRUE,TRUE
06097150612,FALSE,FALSE,FALSE,TRUE
06097150701,FALSE,FALSE,TRUE,TRUE
06097150800,FALSE,FALSE,FALSE,TRUE
06097150901,FALSE,FALSE,TRUE,TRUE
06097150902,FALSE,FALSE,FALSE,TRUE
06097151100,FALSE,FALSE,FALSE,TRUE
06097151201,FALSE,FALSE,TRUE,TRUE
06097151203,FALSE,FALSE,FALSE,TRUE
06097151204,FALSE,TRUE,FALSE,TRUE
06097151301,FALSE,FALSE,TRUE,TRUE
06097151305,FALSE,FALSE,TRUE,FALSE
06097151307,FALSE,FALSE,FALSE,TRUE
06097151308,FALSE,FALSE,FALSE,TRUE
06097151309,FALSE,FALSE,FALSE,TRUE
06097151310,FALSE,FALSE,FALSE,TRUE
06097151401,FALSE,FALSE,TRUE,TRUE
06097151402,FALSE,FALSE,TRUE,TRUE
06097151502,FALSE,FALSE,FALSE,TRUE
06097151503,FALSE,FALSE,FALSE,TRUE
06097151504,FALSE,FALSE,FALSE,TRUE
06097151601,FALSE,FALSE,FALSE,TRUE
06097151700,FALSE,FALSE,FALSE,TRUE
06097151800,FALSE,FALSE,FALSE,TRUE
06097151900,FALSE,FALSE,TRUE,TRUE
06097152000,FALSE,FALSE,FALSE,TRUE
06097152100,FALSE,FALSE,TRUE,TRUE
06097152201,FALSE,FALSE,FALSE,TRUE
06097152202,FALSE,FALSE,FALSE,TRUE
06097152203,FALSE,FALSE,FALSE,TRUE
06097152300,FALSE,FALSE,FALSE,TRUE
06097152400,FALSE,FALSE,FALSE,TRUE
06097152501,FALSE,FALSE,FALSE,TRUE
06097152502,FALSE,FALSE,FALSE,TRUE
06097152600,FALSE,FALSE,FALSE,TRUE
06097152701,FALSE,FALSE,FALSE,TRUE
06097152702,FALSE,FALSE,FALSE,TRUE
06097152801,FALSE,FALSE,TRUE,TRUE
06097152802,FALSE,FALSE,TRUE,TRUE
06097152903,FALSE,FALSE,TRUE,TRUE
06097152904,FALSE,FALSE,FALSE,TRUE
06097152905,FALSE,FALSE,TRUE,FALSE
06097152906,FALSE,FALSE,FALSE,TRUE
06097153001,FALSE,FALSE,TRUE,FALSE
06097153002,FALSE,FALSE,TRUE,TRUE
06097153003,FALSE,FALSE,TRUE,TRUE
06097153005,FALSE,FALSE,TRUE,TRUE
06097153006,FALSE,FALSE,TRUE,TRUE
06097153102,FALSE,FALSE,TRUE,TRUE
06097153103,FALSE,FALSE,TRUE,TRUE
06097153104,FALSE,FALSE,TRUE,TRUE
06097153200,FALSE,FALSE,TRUE,TRUE
06097153300,FALSE,FALSE,TRUE,TRUE
06097153401,FALSE,FALSE,FALSE,TRUE
06097153403,FALSE,FALSE,FALSE,TRUE
06097153404,FALSE,FALSE,FALSE,TRUE
06097153501,FALSE,FALSE,FALSE,TRUE
06097153502,FALSE,FALSE,FALSE,TRUE
06097153600,FALSE,FALSE,FALSE,TRUE
06097153703,FALSE,FALSE,FALSE,TRUE
06097153704,FALSE,FALSE,FALSE,TRUE
06097153706,FALSE,FALSE,FALSE,TRUE
06097153801,FALSE,FALSE,TRUE,TRUE
06097153804,FALSE,FALSE,TRUE,FALSE
06097153808,FALSE,FALSE,TRUE,FALSE
06097153809,FALSE,FALSE,TRUE,TRUE
06097153901,FALSE,FALSE,FALSE,TRUE
06097153902,FALSE,FALSE,TRUE,TRUE
06097154100,FALSE,FALSE,TRUE,TRUE
06097154201,FALSE,FALSE,TRUE,TRUE
06097154302,FALSE,FALSE,FALSE,TRUE
06097154304,FALSE,FALSE,FALSE,TRUE
